{"loss":0.054423797875642776,"_timestamp":1.767878935506334e+09,"_step":9379,"accuracy":1,"_wandb":{"runtime":103},"_runtime":103}
